iter,time_s
1,0.20291610003914684
2,0.25050359999295324
