{
  "mode": "serial",
  "k": 7,
  "n_iter": 40,
  "total_s": 8.120367900002748,
  "mean_iter_s": 0.20300135500147007,
  "inertia": 586388.57347987
}