workers,serial,parallel,speedup
2,1.2234580516815186,1.0928170680999756,1.119545152976684
4,1.2234580516815186,1.1545710563659668,1.0596645784040133
6,1.2234580516815186,1.279918909072876,0.9558871605137427
