n,serial,rows,cols,blocks,speedup_rows,speedup_cols,speedup_blocks
100,0.37165212631225586,0.6410601139068604,0.6337227821350098,0.6276087760925293,0.579746139636217,0.5864585222266449,0.5921716528984016
150,1.2924795150756836,0.6641499996185303,0.6151139736175537,0.6498763561248779,1.9460656716375047,2.1012033062335878,1.9888083369928375
200,3.0467255115509033,0.6429667472839355,0.6360831260681152,0.6458485126495361,4.738542894202681,4.78982288114438,4.717399594298023
